word;sentiment;score
abandono;negativo;-2
abandonado;negativo;-2
abandonos;negativo;-2
sequestrado;negativo;-2
abdução;negativo;-2
raptos;negativo;-2
abominar;negativo;-3
abominou;negativo;-3
detestável;negativo;-3
abomina;negativo;-3
habilidades;positivo;2
habilidade;positivo;2
absentista;negativo;-1
ausentes;negativo;-1
absolver;positivo;2
absolvidos;positivo;2
absolve;positivo;2
absolvendo;positivo;2
absorvido;positivo;1
abuso;negativo;-3
abusado;negativo;-3
abusos;negativo;-3
abusivo;negativo;-3
aceitar;positivo;1
aceitaram;positivo;1
aceitando;positivo;1
aceita;positivo;1
acidente;negativo;-2
acidental;negativo;-2
acidentalmente;negativo;-2
acidentes;negativo;-2
realizar;positivo;2
realizado;positivo;2
realiza;positivo;2
acusação;negativo;-2
acusações;negativo;-2
acusar;negativo;-2
acusado;negativo;-2
acusa;negativo;-2
acusador;negativo;-2
dor;negativo;-2
realizável;positivo;1
doendo;negativo;-2
absolver;positivo;2
absolve;positivo;2
absolvido;positivo;2
absolvendo;positivo;2
acrimonioso;negativo;-3
ativo;positivo;1
adequado;positivo;1
admirar;positivo;3
admirado;positivo;3
admira;positivo;3
admiração;positivo;3
admitem;negativo;-1
admite;negativo;-1
admitido;negativo;-1
admoestar;negativo;-2
admoestado;negativo;-2
adotar;positivo;1
adota;positivo;1
adorável;positivo;3
adorar;positivo;3
adorado;positivo;3
adores;positivo;3
avançado;positivo;1
vantagem;positivo;2
vantagens;positivo;2
aventura;positivo;2
aventuras;positivo;2
aventureiro;positivo;2
afetado;negativo;-1
afeição;positivo;3
afetuoso;positivo;3
aflito;negativo;-1
afrontada;negativo;-1
receoso;negativo;-2
agravar;negativo;-2
agravado;negativo;-2
agrava;negativo;-2
agravante;negativo;-2
agressão;negativo;-2
agressões;negativo;-2
agressivo;negativo;-2
horrorizado;negativo;-2
curioso;positivo;2
agonizar;negativo;-3
agonizado;negativo;-3
agoniza;negativo;-3
agonizante;negativo;-3
agonizar;negativo;-3
agonizado;negativo;-3
agoniza;negativo;-3
agonizante;negativo;-3
concordar;positivo;1
agradável;positivo;2
concordou;positivo;1
acordo;positivo;1
concorda;positivo;1
alarme;negativo;-2
alarmado;negativo;-2
alarmista;negativo;-2
alarmistas;negativo;-2
ai;negativo;-1
alerta;negativo;-1
alienação;negativo;-2
vivo;positivo;1
alérgico;negativo;-2
permitir;positivo;1
sozinho;negativo;-2
surpreender;positivo;2
maravilhado;positivo;2
espanta;positivo;2
surpreendente;positivo;4
ambicioso;positivo;2
ambivalente;negativo;-1
divertir;positivo;3
divertido;positivo;3
diversão;positivo;3
divertimentos;positivo;3
raiva;negativo;-3
angers;negativo;-3
irritado;negativo;-3
angústia;negativo;-3
angustiada;negativo;-3
animosidade;negativo;-2
incomodar;negativo;-2
aborrecimento;negativo;-2
aborrecido;negativo;-2
irritante;negativo;-2
irrita;negativo;-2
antagônico;negativo;-2
anti;negativo;-1
antecipação;positivo;1
ansiedade;negativo;-2
ansioso;negativo;-2
apático;negativo;-3
apatia;negativo;-3
apeshit;negativo;-3
apocalíptico;negativo;-2
pedir desculpas;negativo;-1
pediu desculpa;negativo;-1
pede desculpas;negativo;-1
desculpando;negativo;-1
pedir desculpas;negativo;-1
pediu desculpa;negativo;-1
pede desculpas;negativo;-1
desculpando;negativo;-1
desculpa;negativo;-1
chocado;negativo;-2
apavorante;negativo;-2
apaziguar;positivo;2
apaziguado;positivo;2
aplaca;positivo;2
apaziguar;positivo;2
aplaudir;positivo;2
aplaudido;positivo;2
aplaudindo;positivo;2
aplaude;positivo;2
aplauso;positivo;2
apreciar;positivo;2
apreciado;positivo;2
aprecia;positivo;2
apreciando;positivo;2
apreciação;positivo;2
apreensivo;negativo;-2
aprovação;positivo;2
aprovado;positivo;2
aprova;positivo;2
ardente;positivo;1
prender;negativo;-2
preso;negativo;-3
prisões;negativo;-2
arrogante;negativo;-2
uma vergonha;negativo;-2
envergonhado;negativo;-2
bunda;negativo;-4
assassinato;negativo;-3
assassinatos;negativo;-3
de ativos;positivo;2
ativos;positivo;2
assfucking;negativo;-4
idiota;negativo;-4
atônito;positivo;2
surpreender;positivo;3
estupefacto;positivo;3
espantoso;positivo;3
espantosamente;positivo;3
alucinantes;positivo;3
ataque;negativo;-1
atacado;negativo;-1
atacante;negativo;-1
ataques;negativo;-1
atrai;positivo;1
atraído;positivo;1
atraindo;positivo;2
atração;positivo;2
atrações;positivo;2
atrai;positivo;1
audacioso;positivo;3
autoridade;positivo;1
evitar;negativo;-1
evitado;negativo;-1
averts;negativo;-1
ávido;positivo;2
evitar;negativo;-1
evitado;negativo;-1
evita;negativo;-1
aguardam;negativo;-1
aguardado;negativo;-1
aguarda;negativo;-1
prêmio;positivo;3
premiado;positivo;3
prêmios;positivo;3
impressionante;positivo;4
horrível;negativo;-3
desajeitado;negativo;-2
machado;negativo;-1
machadou;negativo;-1
apoiado;positivo;1
apoio;positivo;2
backs;positivo;1
mau;negativo;-3
fodão;negativo;-3
mal;negativo;-3
resgate;negativo;-2
enganar;negativo;-2
enganado;negativo;-2
bamboozles;negativo;-2
banimento;negativo;-2
banir;negativo;-1
falido;negativo;-3
bankster;negativo;-3
banido;negativo;-2
barganha;positivo;2
barreira;negativo;-2
desgraçado;negativo;-5
bastardos;negativo;-5
batalha;negativo;-1
batalhas;negativo;-1
espancado;negativo;-2
beatífico;positivo;3
espancamento;negativo;-1
belezas;positivo;3
bonita;positivo;3
lindamente;positivo;3
embelezar;positivo;3
depreciar;negativo;-2
menosprezada;negativo;-2
amado;positivo;3
beneficiar;positivo;2
benefícios;positivo;2
beneficiado;positivo;2
beneficiando;positivo;2
privar;negativo;-2
enlutado;negativo;-2
bereaves;negativo;-2
bereaving;negativo;-2
melhor;positivo;3
trair;negativo;-3
traição;negativo;-3
traída;negativo;-3
traindo;negativo;-3
trai;negativo;-3
melhor;positivo;2
viés;negativo;-1
tendenciosa;negativo;-2
grande;positivo;1
cadela;negativo;-5
cadelas;negativo;-5
amargo;negativo;-2
amargamente;negativo;-2
bizarro;negativo;-2
blah;negativo;-2
culpa;negativo;-2
culpou;negativo;-2
culpa;negativo;-2
culpando;negativo;-2
abençoar;positivo;2
abençoa;positivo;2
bênção;positivo;3
cego;negativo;-1
felicidade;positivo;3
feliz;positivo;3
alegre;positivo;2
quadra;negativo;-1
sucesso;positivo;3
bloqueado;negativo;-1
bloqueando;negativo;-1
blocos;negativo;-1
sangrento;negativo;-3
borrada;negativo;-2
fanfarrão;negativo;-2
negrito;positivo;2
audaciosamente;positivo;2
bomba;negativo;-1
impulsionar;positivo;1
impulsionou;positivo;1
impulsionar;positivo;1
aumenta;positivo;1
perfuração;negativo;-2
furado;negativo;-2
chato;negativo;-3
incomodar;negativo;-2
incomodados;negativo;-2
incomoda;negativo;-2
enfadonho;negativo;-2
boicote;negativo;-2
boicotaram;negativo;-2
boicotando;negativo;-2
boicotes;negativo;-2
lavagem cerebral;negativo;-3
bravo;positivo;2
avanço;positivo;3
de tirar o fôlego;positivo;5
suborno;negativo;-3
brilhante;positivo;1
mais brilhante;positivo;2
brilho;positivo;1
brilhante;positivo;4
vivo;positivo;2
quebrou;negativo;-1
ninhada;negativo;-2
intimidado;negativo;-2
besteira;negativo;-4
valentão;negativo;-2
assédio moral;negativo;-2
vadio;negativo;-2
flutuante;positivo;2
fardo;negativo;-2
sobrecarregados;negativo;-2
sobrecarregar;negativo;-2
encargos;negativo;-2
calmo;positivo;2
acalmado;positivo;2
calmante;positivo;2
calmarias;positivo;2
não pode ficar;negativo;-3
cancelar;negativo;-1
cancelado;negativo;-1
cancelando;negativo;-1
cancela;negativo;-1
câncer;negativo;-1
capaz;positivo;1
cativado;positivo;3
cuidado;positivo;2
despreocupado;positivo;1
cuidado;positivo;2
cuidadosamente;positivo;2
descuidado;negativo;-2
cuidados;positivo;2
lucrando;negativo;-2
acidente;negativo;-2
catástrofe;negativo;-3
catastrófico;negativo;-4
cauteloso;negativo;-1
comemoro;positivo;3
célebre;positivo;3
comemora;positivo;3
a comemorar;positivo;3
censurar;negativo;-2
censurado;negativo;-2
censores;negativo;-2
certo;positivo;1
desgosto;negativo;-2
chagrined;negativo;-2
desafio;negativo;-1
chance;positivo;2
chances;positivo;2
caos;negativo;-2
caótico;negativo;-2
carregada;negativo;-3
cobranças;negativo;-2
charme;positivo;3
encantador;positivo;3
charmless;negativo;-3
punir;negativo;-3
castigou;negativo;-3
chastises;negativo;-3
castigar;negativo;-3
enganação;negativo;-3
enganado;negativo;-3
trapaceiro;negativo;-3
traidores;negativo;-3
fraudes;negativo;-3
ânimo;positivo;2
aplaudiu;positivo;2
alegre;positivo;2
aplauso;positivo;2
triste;negativo;-2
saúde;positivo;2
alegre;positivo;3
acalentar;positivo;2
querido;positivo;2
preza;positivo;2
acalentando;positivo;2
chique;positivo;2
infantil;negativo;-2
arrepiante;negativo;-1
estrangulamento;negativo;-2
engasgou;negativo;-2
bobinas;negativo;-2
asfixiante;negativo;-2
esclarece;positivo;2
clareza;positivo;2
choque;negativo;-2
classy;positivo;3
limpar;positivo;2
limpador;positivo;2
claro;positivo;1
apuradas;positivo;1
claramente;positivo;1
limpa;positivo;1
esperto;positivo;2
nublado;negativo;-1
sem noção;negativo;-2
galo;negativo;-5
cocksucker;negativo;-5
cocksuckers;negativo;-5
pretensioso;negativo;-2
coagido;negativo;-2
colapso;negativo;-2
desabou;negativo;-2
colapsos;negativo;-2
colapso;negativo;-2
colidir;negativo;-1
colide;negativo;-1
colidindo;negativo;-1
colisão;negativo;-2
colisões;negativo;-2
conspirando;negativo;-3
combate;negativo;-1
combates;negativo;-1
comédia;positivo;1
conforto;positivo;2
confortável;positivo;2
reconfortante;positivo;2
confortos;positivo;2
recomendar;positivo;2
elogiado;positivo;2
cometer;positivo;1
compromisso;positivo;2
compromete;positivo;1
comprometido;positivo;1
comprometendo;positivo;1
compassivo;positivo;2
compelido;positivo;1
competente;positivo;2
competitivo;positivo;2
complacente;negativo;-2
queixar-se;negativo;-2
queixaram;negativo;-2
reclama;negativo;-2
compreensivo;positivo;2
conciliar;positivo;2
conciliados;positivo;2
concilia;positivo;2
conciliando;positivo;2
condenar;negativo;-2
condenação;negativo;-2
condenado;negativo;-2
condena;negativo;-2
confiança;positivo;2
confiante;positivo;2
conflito;negativo;-2
contraditório;negativo;-2
conflituosa;negativo;-2
conflitos;negativo;-2
confundir;negativo;-2
confuso;negativo;-2
confuso;negativo;-2
parabéns;positivo;2
felicitar;positivo;2
parabéns;positivo;2
parabéns;positivo;2
consentimento;positivo;2
consentimentos;positivo;2
consolável;positivo;2
conspiração;negativo;-3
constrangido;negativo;-2
contágio;negativo;-2
contagions;negativo;-2
contagioso;negativo;-1
desprezo;negativo;-2
desdenhoso;negativo;-2
desdenhosamente;negativo;-2
contender;negativo;-1
contendor;negativo;-1
argumentando;negativo;-1
contencioso;negativo;-2
contestável;negativo;-2
controverso;negativo;-2
controversamente;negativo;-2
convencer;positivo;1
convencido;positivo;1
convence;positivo;1
jovial;positivo;2
legal;positivo;1
coisas legais;positivo;3
encurralado;negativo;-2
cadáver;negativo;-1
dispendioso;negativo;-2
coragem;positivo;2
corajoso;positivo;2
cortês;positivo;2
cortesia;positivo;2
cobrir;negativo;-3
covarde;negativo;-2
covardemente;negativo;-2
conforto;positivo;2
cãibra;negativo;-1
porcaria;negativo;-3
batida;negativo;-2
crazier;negativo;-2
mais louca;negativo;-2
louco;negativo;-2
criativo;positivo;2
cabisbaixo;negativo;-2
chorou;negativo;-2
gritos;negativo;-2
crime;negativo;-3
criminal;negativo;-3
criminosos;negativo;-3
crise;negativo;-3
crítico;negativo;-2
crítica;negativo;-2
criticar;negativo;-2
criticada;negativo;-2
critica;negativo;-2
criticar;negativo;-2
críticos;negativo;-2
cruel;negativo;-3
crueldade;negativo;-3
esmagamento;negativo;-1
esmagado;negativo;-2
esmaga;negativo;-1
esmagador;negativo;-1
chorar;negativo;-1
chorando;negativo;-2
cona;negativo;-5
curioso;positivo;1
maldição;negativo;-1
cortar;negativo;-1
fofa;positivo;2
cortes;negativo;-1
corte;negativo;-1
cínico;negativo;-2
cínico;negativo;-2
cinismo;negativo;-2
danificar;negativo;-3
danos;negativo;-3
droga;negativo;-4
condenado;negativo;-4
droga;negativo;-4
perigo;negativo;-2
temerário;positivo;2
ousado;positivo;2
mais escura;negativo;-2
escuridão;negativo;-1
destemido;positivo;2
morto;negativo;-3
impasse;negativo;-2
ensurdecedor;negativo;-1
caro;positivo;2
caro;positivo;3
morte;negativo;-2
afável;positivo;2
dívida;negativo;-2
engano;negativo;-3
enganador;negativo;-3
enganar;negativo;-3
enganado;negativo;-3
engana;negativo;-3
enganando;negativo;-3
decepção;negativo;-3
decisivo;positivo;1
dedicado;positivo;2
derrotado;negativo;-2
defeito;negativo;-3
defeitos;negativo;-3
defensor;positivo;2
defensores;positivo;2
sem defesa;negativo;-2
adiar;negativo;-1
deferimento;negativo;-1
desafiador;negativo;-1
déficit;negativo;-2
degradar;negativo;-2
degradante;negativo;-2
degrada;negativo;-2
desumanizar;negativo;-2
desumanizado;negativo;-2
desumaniza;negativo;-2
desumanizante;negativo;-2
deprimir;negativo;-2
abatido;negativo;-2
dejecting;negativo;-2
dejetos;negativo;-2
demora;negativo;-1
atrasado;negativo;-1
prazer;positivo;3
deleitado;positivo;3
deliciando;positivo;3
delícias;positivo;3
exigem;negativo;-1
pedido;negativo;-1
exigente;negativo;-1
demandas;negativo;-1
demonstração;negativo;-1
desmoralizada;negativo;-2
negado;negativo;-2
denier;negativo;-2
negadores;negativo;-2
nega;negativo;-2
denunciar;negativo;-2
denuncia;negativo;-2
negar;negativo;-2
negando;negativo;-2
deprimido;negativo;-2
deprimente;negativo;-2
descarrilhar;negativo;-2
descarrilou;negativo;-2
descarrila;negativo;-2
ridicularizar;negativo;-2
ridicularizado;negativo;-2
derides;negativo;-2
deriding;negativo;-2
escárnio;negativo;-2
desejável;positivo;2
desejo;positivo;1
desejado;positivo;2
desejoso;positivo;2
desespero;negativo;-3
desesperada;negativo;-3
desesperos;negativo;-3
desesperado;negativo;-3
desesperadamente;negativo;-3
desanimado;negativo;-3
destruir;negativo;-3
destruído;negativo;-3
destruidor;negativo;-3
destrói;negativo;-3
destruição;negativo;-3
destrutivo;negativo;-3
destacado;negativo;-1
deter;negativo;-2
detido;negativo;-2
detenção;negativo;-2
determinado;positivo;2
devastar;negativo;-2
devastado;negativo;-2
devastador;negativo;-2
devotado;positivo;3
diamante;positivo;1
pênis;negativo;-4
dickhead;negativo;-4
morrer;negativo;-3
morreu;negativo;-3
difícil;negativo;-1
desconfiado;negativo;-2
dilema;negativo;-1
dipshit;negativo;-3
terrível;negativo;-3
medonho;negativo;-3
sujeira;negativo;-2
mais sujo;negativo;-2
mais sujo;negativo;-2
sujo;negativo;-2
incapacitante;negativo;-1
desvantagem;negativo;-2
desfavorecidos;negativo;-2
desaparecer;negativo;-1
desaparecido;negativo;-1
desaparece;negativo;-1
desiludir;negativo;-2
desapontado;negativo;-2
decepcionante;negativo;-2
desapontamento;negativo;-2
decepções;negativo;-2
decepciona;negativo;-2
desastre;negativo;-2
desastres;negativo;-2
desastroso;negativo;-3
descrer;negativo;-2
descartar;negativo;-1
descartado;negativo;-1
descarte;negativo;-1
devoluções;negativo;-1
desconsolado;negativo;-2
desconsolo;negativo;-2
descontente;negativo;-2
discórdia;negativo;-2
descontado;negativo;-1
desencorajado;negativo;-2
desacreditado;negativo;-2
desdém;negativo;-2
desgraça;negativo;-2
desonrado;negativo;-2
disfarce;negativo;-1
disfarçado;negativo;-1
disfarces;negativo;-1
disfarce;negativo;-1
desgosto;negativo;-3
com nojo;negativo;-3
repugnante;negativo;-3
desmotivada;negativo;-2
desonesto;negativo;-2
desiludidos;negativo;-2
inclinado;negativo;-2
desarticulado;negativo;-2
antipatia;negativo;-2
sombrio;negativo;-2
consternado;negativo;-2
desordem;negativo;-2
desorganizado;negativo;-2
desorientado;negativo;-2
denegrir;negativo;-2
menosprezou;negativo;-2
deprecie;negativo;-2
depreciativo;negativo;-2
descontente;negativo;-2
disputa;negativo;-2
disputado;negativo;-2
disputas;negativo;-2
contestando;negativo;-2
desqualificado;negativo;-2
inquietação;negativo;-2
desprezo;negativo;-2
desconsiderados;negativo;-2
desconsiderando;negativo;-2
desconsideração;negativo;-2
desrespeito;negativo;-2
desrespeitado;negativo;-2
rompimento;negativo;-2
rupturas;negativo;-2
disruptivo;negativo;-2
insatisfeito;negativo;-2
distorcer;negativo;-2
distorcida;negativo;-2
distorcendo;negativo;-2
distorce;negativo;-2
distrair;negativo;-2
distraído;negativo;-2
distração;negativo;-2
distrai;negativo;-2
aflição;negativo;-2
angustiado;negativo;-2
angústias;negativo;-2
aflitivo;negativo;-2
desconfiança;negativo;-3
desconfiado;negativo;-3
perturbar;negativo;-2
perturbado;negativo;-2
perturbador;negativo;-2
distúrbios;negativo;-2
pontilhado;negativo;-2
tonto;negativo;-1
esquivando;negativo;-2
espertalhão;negativo;-2
não funciona;negativo;-3
doloroso;negativo;-2
não gosto;negativo;-2
destruição;negativo;-2
condenado;negativo;-2
dúvida;negativo;-1
duvidou;negativo;-1
duvidoso;negativo;-1
duvidoso;negativo;-1
dúvidas;negativo;-1
ducha;negativo;-3
babaca;negativo;-3
abatido;negativo;-2
downhearted;negativo;-2
desvantagem;negativo;-2
arrastar;negativo;-1
arrastada;negativo;-1
arrasta;negativo;-1
drenado;negativo;-2
pavor;negativo;-2
temido;negativo;-2
terrível;negativo;-3
temendo;negativo;-2
sonho;positivo;1
sonhos;positivo;1
aborrecido;negativo;-2
caído;negativo;-2
solta;negativo;-1
afogar;negativo;-2
afogado;negativo;-2
afoga;negativo;-2
bêbado;negativo;-2
duvidoso;negativo;-2
boato;negativo;-2
maçante;negativo;-2
burro;negativo;-3
idiota;negativo;-3
lixeira;negativo;-1
despejado;negativo;-2
lixões;negativo;-1
enganar;negativo;-2
enganado;negativo;-2
disfunção;negativo;-2
ansioso;positivo;2
sério;positivo;2
facilidade;positivo;2
fácil;positivo;1
extático;positivo;4
estranho;negativo;-2
misterioso;negativo;-2
eficaz;positivo;2
eficazmente;positivo;2
exultante;positivo;3
elação;positivo;3
elegante;positivo;2
elegantemente;positivo;2
embaraçar;negativo;-2
envergonhado;negativo;-2
embaraça;negativo;-2
embaraçoso;negativo;-2
embaraço;negativo;-2
amargurado;negativo;-2
abraço;positivo;1
emergência;negativo;-2
empática;positivo;2
vazio;negativo;-1
vazio;negativo;-1
enchanted;positivo;2
encorajar;positivo;2
encorajados;positivo;2
encorajamento;positivo;2
encorajar;positivo;2
endossar;positivo;2
endossado;positivo;2
endosso;positivo;2
apoia;positivo;2
inimigos;negativo;-2
inimigo;negativo;-2
enérgico;positivo;2
se empenhar;positivo;1
engata;positivo;1
absortos;positivo;1
apreciar;positivo;2
apreciando;positivo;2
goza;positivo;2
iluminar;positivo;2
esclarecido;positivo;2
esclarecedor;positivo;2
enlightens;positivo;2
tédio;negativo;-2
irritar;negativo;-2
enfurecidos;negativo;-2
enragés;negativo;-2
enraging;negativo;-2
arrebatar;positivo;3
escravizar;negativo;-2
escravizados;negativo;-2
escraviza;negativo;-2
garantir;positivo;1
assegurando;positivo;1
empreendedor;positivo;1
divertido;positivo;2
encantar;positivo;3
entusiasmado;positivo;3
intitulado;positivo;1
confiada;positivo;2
invejas;negativo;-1
invejoso;negativo;-2
inveja;negativo;-1
inveja;negativo;-1
errôneo;negativo;-2
erro;negativo;-2
erros;negativo;-2
escapar;negativo;-1
escapes;negativo;-1
escapando;negativo;-1
estimado;positivo;2
ético;positivo;2
euforia;positivo;3
eufórico;positivo;4
despejo;negativo;-1
mal;negativo;-3
exagerar;negativo;-2
exagerado;negativo;-2
exagera;negativo;-2
exagerando;negativo;-2
exasperado;positivo;2
excelência;positivo;3
excelente;positivo;3
excitar;positivo;3
animado;positivo;3
excitação;positivo;3
emocionante;positivo;3
excluir;negativo;-1
excluídos;negativo;-2
exclusão;negativo;-1
exclusivo;positivo;2
desculpa;negativo;-1
isentar;negativo;-1
esgotado;negativo;-2
alegre;positivo;3
exhilarates;positivo;3
emocionante;positivo;3
exonerar;positivo;2
exonerado;positivo;2
exonera;positivo;2
exonerando;positivo;2
expandir;positivo;1
expande;positivo;1
expulsar;negativo;-2
expulso;negativo;-2
expelindo;negativo;-2
expele;negativo;-2
explorar;negativo;-2
explorados;negativo;-2
explorando;negativo;-2
exploits;negativo;-2
exploração;positivo;1
explorações;positivo;1
expor;negativo;-1
exposto;negativo;-1
expõe;negativo;-1
expondo;negativo;-1
ampliar;positivo;1
estende-se;positivo;1
exuberante;positivo;4
exultante;positivo;3
exultante;positivo;3
fabuloso;positivo;4
mania;negativo;-2
cansaço;negativo;-3
bicha;negativo;-3
bichas;negativo;-3
falhou;negativo;-2
fracassado;negativo;-2
falta;negativo;-2
falhar;negativo;-2
falha;negativo;-2
falhas;negativo;-2
fainthearted;negativo;-2
justo;positivo;2
fé;positivo;1
fiel;positivo;3
falsificação;negativo;-3
falsificações;negativo;-3
falsificação;negativo;-3
caído;negativo;-2
caindo;negativo;-1
falsificados;negativo;-3
falsificar;negativo;-3
fama;positivo;1
ventilador;positivo;3
fantástico;positivo;4
farsa;negativo;-1
fascinar;positivo;3
fascinado;positivo;3
fascina;positivo;3
fascinante;positivo;3
fascista;negativo;-2
fascistas;negativo;-2
fatalidades;negativo;-3
fatalidade;negativo;-3
fadiga;negativo;-2
fatigado;negativo;-2
fadigas;negativo;-2
fatigante;negativo;-2
favor;positivo;2
favorecido;positivo;2
favorito;positivo;2
favorito;positivo;2
favoritos;positivo;2
favores;positivo;2
medo;negativo;-2
temeroso;negativo;-2
temendo;negativo;-2
destemido;positivo;2
assustador;negativo;-2
engordou;negativo;-3
débil;negativo;-2
sentindo-me;positivo;1
felonies;negativo;-3
crime;negativo;-3
fervente;positivo;2
ardente;positivo;2
festivo;positivo;2
fiasco;negativo;-3
inquieto;negativo;-2
luta;negativo;-1
bem;positivo;2
fogo;negativo;-2
disparamos;negativo;-2
acendimento;negativo;-2
caber;positivo;1
ginástica;positivo;1
navio almirante;positivo;2
foge;negativo;-1
fiasco;negativo;-2
aleta;negativo;-2
gripe;negativo;-2
afobado;negativo;-2
focado;positivo;2
afeiçoado;positivo;2
predileção;positivo;2
idiota;negativo;-2
insensato;negativo;-2
tolos;negativo;-2
forçado;negativo;-1
execução duma hipoteca;negativo;-2
foreclosures;negativo;-2
esqueço;negativo;-1
esquecido;negativo;-2
perdoar;positivo;1
indulgente;positivo;1
esquecido;negativo;-1
afortunado;positivo;2
frenético;negativo;-1
fraude;negativo;-4
fraudes;negativo;-4
fraudador;negativo;-4
fraudadores;negativo;-4
fraudulência;negativo;-4
fraudulento;negativo;-4
livre;positivo;1
liberdade;positivo;2
frenesi;negativo;-3
fresco;positivo;1
amigáveis;positivo;2
susto;negativo;-2
assustado;negativo;-2
assustador;negativo;-3
frikin;negativo;-2
brincalhão;positivo;2
carrancudo;negativo;-1
frustrar;negativo;-2
frustrado;negativo;-2
frustra;negativo;-2
frustrante;negativo;-2
frustração;negativo;-2
ftw;positivo;3
porra;negativo;-4
fodido;negativo;-4
idiota;negativo;-4
fuckers;negativo;-4
fuckface;negativo;-4
fuckhead;negativo;-4
maldito;negativo;-4
fucktard;negativo;-4
fud;negativo;-3
fuked;negativo;-4
fuking;negativo;-4
preencha;positivo;2
realizada;positivo;2
fulfills;positivo;2
fumegante;negativo;-2
diversão;positivo;4
funeral;negativo;-1
funerais;negativo;-1
descolados;positivo;2
mais engraçado;positivo;4
engraçado;positivo;4
furioso;negativo;-3
inútil;positivo;2
mordaça;negativo;-2
amordaçado;negativo;-2
ganho;positivo;2
ganhou;positivo;2
ganhando;positivo;2
ganhos;positivo;2
valente;positivo;3
galantemente;positivo;3
bravura;positivo;3
generoso;positivo;2
genial;positivo;3
fantasma;negativo;-1
vertiginoso;negativo;-2
presente;positivo;2
feliz;positivo;3
fascinante;positivo;3
fascinante;positivo;3
alegria;positivo;3
alegre;positivo;3
melancolia;negativo;-1
sombrio;negativo;-2
glorioso;positivo;2
glória;positivo;2
sombrio;negativo;-2
deus;positivo;1
maldita;negativo;-3
dádiva;positivo;4
boa;positivo;3
bondade;positivo;3
graça;positivo;1
gracioso;positivo;3
grande;positivo;3
conceder;positivo;1
concedido;positivo;1
concessão;positivo;1
subvenções;positivo;1
grato;positivo;3
gratificação;positivo;2
grave;negativo;-2
cinzento;negativo;-1
ótimo;positivo;3
maior;positivo;3
maior;positivo;3
ganância;negativo;-3
ávido;negativo;-2
lavagem verde;negativo;-3
greenwashing;negativo;-3
greenwash;negativo;-3
greenwasher;negativo;-3
greenwashers;negativo;-3
greenwashing;negativo;-3
cumprimentar;positivo;1
cumprimentou;positivo;1
cumprimento;positivo;1
saudações;positivo;2
cumprimenta;positivo;1
cinzento;negativo;-1
aflição;negativo;-2
entristecido;negativo;-2
bruto;negativo;-2
crescimento;positivo;1
crescimento;positivo;2
garantia;positivo;1
culpa;negativo;-3
culpado;negativo;-3
credulidade;negativo;-2
crédulo;negativo;-2
pistola;negativo;-1
ha;positivo;2
hackeado;negativo;-1
haha;positivo;3
hahaha;positivo;3
hahahah;positivo;3
saudar;positivo;2
saudado;positivo;2
infeliz;negativo;-2
infelicidade;negativo;-2
felicidade;positivo;3
feliz;positivo;3
difícil;negativo;-1
hardier;positivo;2
dificuldade;negativo;-2
ousado;positivo;2
prejudicar;negativo;-2
prejudicada;negativo;-2
prejudicial;negativo;-2
harming;negativo;-2
harms;negativo;-2
harried;negativo;-2
áspero;negativo;-2
mais duras;negativo;-2
mais severos;negativo;-2
ódio;negativo;-3
odiava;negativo;-3
odiadores;negativo;-3
ódios;negativo;-3
odiando;negativo;-3
assombro;negativo;-1
assombrada;negativo;-2
assombrando;positivo;1
assombrações;negativo;-1
destruição;negativo;-2
saudável;positivo;2
desolador;negativo;-3
inconsolável;negativo;-3
sincero;positivo;3
céu;positivo;2
celestial;positivo;4
coração pesado;negativo;-2
inferno;negativo;-4
socorro;positivo;2
útil;positivo;2
ajuda;positivo;2
desamparado;negativo;-2
ajuda;positivo;2
herói;positivo;2
heróis;positivo;2
heróico;positivo;3
hesitante;negativo;-2
hesitar;negativo;-2
escondeu;negativo;-1
esconder;negativo;-1
couros;negativo;-1
se escondendo;negativo;-1
realçar;positivo;2
hilário;positivo;2
obstáculo;negativo;-2
engano;negativo;-2
com saudades de casa;negativo;-2
honesto;positivo;2
honra;positivo;2
honrado;positivo;2
homenagem;positivo;2
honra;positivo;2
honrado;positivo;2
homenagem;positivo;2
vadio;negativo;-2
hooliganismo;negativo;-2
arruaceiros;negativo;-2
esperança;positivo;2
esperançoso;positivo;2
esperançosamente;positivo;2
sem esperança;negativo;-2
desespero;negativo;-2
esperanças;positivo;2
na esperança;positivo;2
horrendo;negativo;-3
horrível;negativo;-3
horrível;negativo;-3
horrorizado;negativo;-3
hostil;negativo;-2
mascate;negativo;-2
abraço;positivo;2
enorme;positivo;1
abraços;positivo;2
humerous;positivo;3
humilhado;negativo;-3
humilhação;negativo;-3
humor;positivo;2
engraçado;positivo;2
humor;positivo;2
cómico;positivo;2
fome;negativo;-2
hurra;positivo;5
ferido;negativo;-2
machucando;negativo;-2
dói;negativo;-2
hipócrita;negativo;-2
histeria;negativo;-3
histérico;negativo;-3
ataque de nervos;negativo;-3
idiota;negativo;-3
idiota;negativo;-3
ignorância;negativo;-2
ignorante;negativo;-2
ignorar;negativo;-1
ignorados;negativo;-2
ignora;negativo;-1
doente;negativo;-2
ilegal;negativo;-3
analfabetismo;negativo;-2
doença;negativo;-2
doenças;negativo;-2
imbecil;negativo;-3
imobilizado;negativo;-1
imortal;positivo;2
imune;positivo;1
impaciente;negativo;-2
imperfeito;negativo;-2
importância;positivo;2
importante;positivo;2
impor;negativo;-1
imposta;negativo;-1
impõe;negativo;-1
imponente;negativo;-1
impotente;negativo;-2
impressionar;positivo;3
impressionado;positivo;3
impressiona;positivo;3
impressionante;positivo;3
preso;negativo;-2
melhorar;positivo;2
melhorado;positivo;2
melhoria;positivo;2
melhora;positivo;2
melhorando;positivo;2
incapacidade;negativo;-2
inação;negativo;-2
insuficiente;negativo;-2
incapaz;negativo;-2
incapacitado;negativo;-2
incensado;negativo;-2
incompetência;negativo;-2
incompetente;negativo;-2
inconsiderado;negativo;-2
inconveniência;negativo;-2
inconveniente;negativo;-2
aumentar;positivo;1
aumentou;positivo;1
indeciso;negativo;-2
indestrutível;positivo;2
indiferença;negativo;-2
indiferente;negativo;-2
indignado;negativo;-2
indignação;negativo;-2
doutrinar;negativo;-2
doutrinados;negativo;-2
doutrina;negativo;-2
doutrinar;negativo;-2
ineficaz;negativo;-2
ineficaz;negativo;-2
apaixonado;positivo;2
paixão;positivo;2
infectado;negativo;-2
inferior;negativo;-2
inflamado;negativo;-2
influente;positivo;2
violação;negativo;-2
enfurecer;negativo;-2
enfureceu;negativo;-2
enfurece;negativo;-2
irritante;negativo;-2
inibir;negativo;-1
ferido;negativo;-2
prejuízo;negativo;-2
injustiça;negativo;-2
inovar;positivo;1
inova;positivo;1
inovação;positivo;1
inovador;positivo;2
inquisição;negativo;-2
inquisitivo;positivo;2
insano;negativo;-2
insanidade;negativo;-2
inseguro;negativo;-2
insensível;negativo;-2
insensividade;negativo;-2
insignificante;negativo;-2
insípido;negativo;-2
inspiração;positivo;2
inspirado;positivo;2
inspirar;positivo;2
inspirado;positivo;2
inspira;positivo;2
inspirador;positivo;3
insulto;negativo;-2
insultado;negativo;-2
insultante;negativo;-2
insultos;negativo;-2
intacto;positivo;2
integridade;positivo;2
inteligente;positivo;2
intenso;positivo;1
interesse;positivo;1
interessado;positivo;2
interessante;positivo;2
interesses;positivo;1
interrogados;negativo;-2
interromper;negativo;-2
interrompeu;negativo;-2
interrompendo;negativo;-2
interrupção;negativo;-2
interrupções;negativo;-2
intimidar;negativo;-2
intimidados;negativo;-2
intimida;negativo;-2
intimidador;negativo;-2
intimidação;negativo;-2
intricado;positivo;2
intrigas;positivo;1
invencível;positivo;2
convite;positivo;1
convidativo;positivo;1
invulnerável;positivo;2
enfurecido;negativo;-3
irônico;negativo;-1
ironia;negativo;-1
irracional;negativo;-1
irresistível;positivo;2
irresoluto;negativo;-2
irresponsável;positivo;2
irreversível;negativo;-1
irritar;negativo;-3
irritado;negativo;-3
irritante;negativo;-3
isolado;negativo;-1
sarnento;negativo;-2
asno;negativo;-4
jackasses;negativo;-4
preso;negativo;-2
desenvolto;positivo;2
com ciumes;negativo;-2
perigo;negativo;-2
empurrão;negativo;-3
jesus;positivo;1
jóia;positivo;1
jóias;positivo;1
jocoso;positivo;2
junte-se;positivo;1
gracejo;positivo;2
piadas;positivo;2
alegre;positivo;2
jovial;positivo;2
alegria;positivo;3
alegre;positivo;3
alegremente;positivo;3
triste;negativo;-2
feliz;positivo;3
jubilante;positivo;3
saltitante;negativo;-1
justiça;positivo;2
justificadamente;positivo;2
justificado;positivo;2
afiado;positivo;1
matar;negativo;-3
assassinado;negativo;-3
matança;negativo;-3
kills;negativo;-3
tipo;positivo;2
kinder;positivo;2
beijo;positivo;2
glória;positivo;3
falta;negativo;-2
lackadaisical;negativo;-2
atraso;negativo;-1
defasada;negativo;-2
atraso;negativo;-2
defasagens;negativo;-2
coxo;negativo;-2
ponto de referência;positivo;2
rir;positivo;1
riu;positivo;1
rindo;positivo;1
risos;positivo;1
laughting;positivo;1
lançado;positivo;1
lawl;positivo;3
ação judicial;negativo;-2
ações judiciais;negativo;-2
preguiçoso;negativo;-1
vazamento;negativo;-1
vazou;negativo;-1
sair;negativo;-1
legal;positivo;1
legalmente;positivo;1
clemente;positivo;1
letárgico;negativo;-2
letargia;negativo;-2
mentiroso;negativo;-3
mentirosos;negativo;-3
calunioso;negativo;-2
mentiu;negativo;-2
salva-vidas;positivo;4
alegre;positivo;1
gostar;positivo;2
gostou;positivo;2
gostos;positivo;2
limitação;negativo;-1
limitado;negativo;-1
limites;negativo;-1
litígio;negativo;-1
litigioso;negativo;-2
animado;positivo;2
lívido;negativo;-2
lmao;positivo;4
lmfao;positivo;4
detestar;negativo;-3
detestava;negativo;-3
loathes;negativo;-3
repugnância;negativo;-3
entrada;negativo;-2
lobbying;negativo;-2
ri muito;positivo;3
solitário;negativo;-2
solitário;negativo;-2
saudade;negativo;-1
tear;negativo;-1
assomava;negativo;-1
iminente;negativo;-1
teares;negativo;-1
solto;negativo;-3
perde;negativo;-3
perdedor;negativo;-3
perder;negativo;-3
perda;negativo;-3
perdido;negativo;-3
adorável;positivo;3
amar;positivo;3
amado;positivo;3
lovelies;positivo;3
adorável;positivo;3
amoroso;positivo;2
menor;negativo;-1
fiel;positivo;3
fidelidade;positivo;3
sorte;positivo;3
felizmente;positivo;3
por sorte;positivo;3
lúgubre;negativo;-2
lunático;negativo;-3
lunáticos;negativo;-3
espreitar;negativo;-1
espreita;negativo;-1
espreita;negativo;-1
louco;negativo;-3
enlouquecedora;negativo;-3
decidir;negativo;-1
loucamente;negativo;-3
loucura;negativo;-3
obrigatório;negativo;-1
manipulado;negativo;-1
manipulação;negativo;-1
manipulação;negativo;-1
maravilha;positivo;3
maravilhoso;positivo;3
maravilhas;positivo;3
obra-prima;positivo;4
obras-primas;positivo;4
importam;positivo;1
assuntos;positivo;1
maduro;positivo;2
significativo;positivo;2
sem significado;negativo;-2
medalha;positivo;3
mediocridade;negativo;-3
meditativo;positivo;1
melancólico;negativo;-2
ameaça;negativo;-2
ameaçado;negativo;-2
misericórdia;positivo;2
alegre;positivo;3
bagunça;negativo;-2
confuso;negativo;-2
estragando tudo;negativo;-2
metódico;positivo;2
estúpido;negativo;-2
milagre;positivo;4
alegria;positivo;3
alegre;positivo;3
mirthfully;positivo;3
portar-se mal;negativo;-2
comportado mal;negativo;-2
misbehaves;negativo;-2
misbehaving;negativo;-2
travessura;negativo;-1
mischiefs;negativo;-1
miserável;negativo;-3
miséria;negativo;-2
apreensão;negativo;-2
informação errada;negativo;-2
mal informado;negativo;-2
mal interpretado;negativo;-2
enganador;negativo;-3
interpretar mal;negativo;-1
misreporting;negativo;-2
deturpação;negativo;-2
senhorita;negativo;-2
esquecidas;negativo;-2
ausência de;negativo;-2
erro;negativo;-2
enganado;negativo;-2
erros;negativo;-2
equivocando;negativo;-2
entender mal;negativo;-2
mal entendido;negativo;-2
misunderstands;negativo;-2
incompreendido;negativo;-2
gemido;negativo;-2
gemeu;negativo;-2
gemendo;negativo;-2
gemidos;negativo;-2
simulado;negativo;-2
escarnecido;negativo;-2
zombeteiro;negativo;-2
mocks;negativo;-2
fautor;negativo;-2
monopolizar;negativo;-2
monopolizado;negativo;-2
monopoliza;negativo;-2
monopolização;negativo;-2
temperamental;negativo;-1
lastimador;negativo;-1
lastimando;negativo;-1
idiota;negativo;-3
filho da puta;negativo;-5
porra;negativo;-5
motivar;positivo;1
motivada;positivo;2
motivador;positivo;2
motivação;positivo;1
lamentar;negativo;-2
lamentou;negativo;-2
fúnebre;negativo;-2
luto;negativo;-2
lamentação;negativo;-2
maçante;negativo;-2
assassinato;negativo;-2
assassino;negativo;-2
assassinato;negativo;-3
assassino;negativo;-3
assassinatos;negativo;-2
mito;negativo;-1
n00b;negativo;-2
ingênuo;negativo;-2
desagradável;negativo;-3
natural;positivo;1
ingênuo;negativo;-2
carente;negativo;-2
negativo;negativo;-2
negatividade;negativo;-2
negligência;negativo;-2
negligenciada;negativo;-2
negligenciando;negativo;-2
negligências;negativo;-2
nervos;negativo;-1
nervoso;negativo;-2
nervosamente;negativo;-2
bom;positivo;3
estiloso;positivo;2
manos;negativo;-5
negro;negativo;-5
não;negativo;-1
nenhum divertimento;negativo;-3
nobre;positivo;2
barulhento;negativo;-1
absurdo;negativo;-2
novato;negativo;-2
curioso;negativo;-2
não é bom;negativo;-2
não está funcionando;negativo;-3
notório;negativo;-2
romance;positivo;2
entorpecido;negativo;-1
nozes;negativo;-3
obliterar;negativo;-2
obliterado;negativo;-2
obnóxio;negativo;-3
obsceno;negativo;-2
obcecado;positivo;2
obsoleto;negativo;-2
obstáculo;negativo;-2
obstáculos;negativo;-2
obstinado;negativo;-2
ímpar;negativo;-2
ofender;negativo;-2
ofendido;negativo;-2
ofensor;negativo;-2
ofensor;negativo;-2
ofende;negativo;-2
off-line;negativo;-1
oks;positivo;2
ameaçador;positivo;3
uma vez na vida;positivo;3
oportunidades;positivo;2
oportunidade;positivo;2
oprimida;negativo;-2
opressivo;negativo;-2
otimismo;positivo;2
otimista;positivo;2
optionless;negativo;-2
clamor;negativo;-2
outmaneuvered;negativo;-2
ultraje;negativo;-3
ultrajado;negativo;-3
divulgação;positivo;2
excepcional;positivo;5
radiante;positivo;4
sobrecarga;negativo;-1
negligenciado;negativo;-1
reagir demais;negativo;-2
exagerei;negativo;-2
overreaction;negativo;-2
overreacts;negativo;-2
exagerar;negativo;-2
exagerar;negativo;-2
oversells;negativo;-2
simplificação;negativo;-2
simplificada;negativo;-2
simplifica;negativo;-2
simplificar;negativo;-2
exagero;negativo;-2
overstatements;negativo;-2
excesso de peso;negativo;-1
oxímoro;negativo;-1
dor;negativo;-2
triste;negativo;-2
pânico;negativo;-3
em pânico;negativo;-3
pânicos;negativo;-3
paraíso;positivo;3
paradoxo;negativo;-1
perdão;positivo;2
perdoado;positivo;2
perdão;positivo;2
perdões;positivo;2
negociação;negativo;-1
apaixonado;positivo;2
passiva;negativo;-1
passivamente;negativo;-1
patético;negativo;-2
pagamento;negativo;-1
paz;positivo;2
pacífico;positivo;2
pacificamente;positivo;2
pena;negativo;-2
pensativo;negativo;-1
perfeito;positivo;3
aperfeiçoado;positivo;2
perfeitamente;positivo;3
aperfeiçoa;positivo;2
perigo;negativo;-2
perjúrio;negativo;-3
autor;negativo;-2
perpetradores;negativo;-2
perplexo;negativo;-2
perseguir;negativo;-2
perseguidos;negativo;-2
persegue;negativo;-2
persegues;negativo;-2
perturbado;negativo;-2
enfadonho;negativo;-2
pessimismo;negativo;-2
pessimista;negativo;-2
petrificado;negativo;-2
fóbica;negativo;-2
pitoresco;positivo;2
acumular-se;negativo;-1
melindre;negativo;-2
despertado;negativo;-2
mijo;negativo;-4
bêbado;negativo;-4
pissing;negativo;-3
lamentável;negativo;-2
pena;negativo;-1
pena;negativo;-2
brincalhão;positivo;2
agradável;positivo;3
por favor;positivo;1
satisfeito;positivo;3
prazer;positivo;3
pronta;negativo;-2
poção;negativo;-2
envenenado;negativo;-2
venenos;negativo;-2
poluir;negativo;-2
poluído;negativo;-2
poluidor;negativo;-2
poluidores;negativo;-2
polui;negativo;-2
pobre;negativo;-2
mais pobres;negativo;-2
mais pobres;negativo;-2
popular;positivo;3
positivo;positivo;2
positivamente;positivo;2
possessivo;negativo;-2
postergar;negativo;-1
adiado;negativo;-1
adia;negativo;-1
adiamento;negativo;-1
pobreza;negativo;-1
poderoso;positivo;2
impotente;negativo;-2
louvor;positivo;3
elogiou;positivo;3
louvores;positivo;3
louvando;positivo;3
orar;positivo;1
oração;positivo;1
reza;positivo;1
prblm;negativo;-2
prblms;negativo;-2
preparado;positivo;1
pressão;negativo;-1
pressionado;negativo;-2
faz de conta;negativo;-1
fingindo;negativo;-1
finge;negativo;-1
bonita;positivo;1
evita;negativo;-1
impedido;negativo;-1
prevenção;negativo;-1
previne;negativo;-1
picada;negativo;-5
prisão;negativo;-2
prisioneiro;negativo;-2
prisioneiros;negativo;-2
privilegiado;positivo;2
proactiva;positivo;2
problema;negativo;-2
problemas;negativo;-2
aproveitador;negativo;-2
progresso;positivo;2
proeminente;positivo;2
promessa;positivo;1
prometido;positivo;1
promessas;positivo;1
promover;positivo;1
promoveu;positivo;1
promove;positivo;1
promoção;positivo;1
propaganda;negativo;-2
processar;negativo;-1
processados;negativo;-2
prosecutes;negativo;-1
acusação;negativo;-1
prospecto;positivo;1
perspectivas;positivo;1
próspero;positivo;3
proteger;positivo;1
protegido;positivo;1
protege;positivo;1
protesto;negativo;-2
manifestantes;negativo;-2
protestando;negativo;-2
protestos;negativo;-2
orgulhoso;positivo;2
orgulhosamente;positivo;2
provocar;negativo;-1
provocou;negativo;-1
provoca;negativo;-1
provocante;negativo;-1
pseudociência;negativo;-3
punir;negativo;-2
punido;negativo;-2
pune;negativo;-2
punitivo;negativo;-2
agressivo;negativo;-1
confuso;negativo;-2
trêmulo;negativo;-2
questionável;negativo;-2
questionou;negativo;-1
interrogatório;negativo;-1
racismo;negativo;-3
racista;negativo;-3
racistas;negativo;-3
raiva;negativo;-2
raivosa;negativo;-2
chuvoso;negativo;-1
discurso retórico;negativo;-3
ranter;negativo;-3
ranters;negativo;-3
rants;negativo;-3
estupro;negativo;-4
estuprador;negativo;-4
êxtase;positivo;2
arrebatados;positivo;2
êxtases;positivo;2
arrebatador;positivo;4
erupção cutânea;negativo;-2
ratificado;positivo;2
alcance;positivo;1
alcançado;positivo;1
alcances;positivo;1
alcançando;positivo;1
tranqüilizar;positivo;1
tranquilizado;positivo;1
tranquiliza;positivo;1
tranquilizador;positivo;2
rebelião;negativo;-2
recessão;negativo;-2
imprudente;negativo;-2
recomendar;positivo;2
recomendado;positivo;2
recomenda;positivo;2
resgatado;positivo;2
recusar;negativo;-2
recusou;negativo;-2
recusa;negativo;-2
arrepender;negativo;-2
lamentável;negativo;-2
arrependimentos;negativo;-2
lamentou;negativo;-2
lamentando;negativo;-2
rejeitar;negativo;-1
rejeitados;negativo;-1
rejeitando;negativo;-1
rejeita;negativo;-1
alegrar;positivo;4
regozijou-se;positivo;4
regozija;positivo;4
alegria;positivo;4
descontraído;positivo;2
implacável;negativo;-1
confiante;positivo;2
aliviar;positivo;1
aliviado;positivo;2
relevos;positivo;1
aliviando;positivo;2
saboreando;positivo;2
notável;positivo;2
remorso;negativo;-2
repulsa;negativo;-1
repelido;negativo;-2
resgatar;positivo;2
resgatado;positivo;2
resgates;positivo;2
ressentido;negativo;-2
demitir-se;negativo;-1
resignado;negativo;-1
renunciando;negativo;-1
renuncia;negativo;-1
resoluto;positivo;2
resolver;positivo;2
resolvido;positivo;2
resolve;positivo;2
resolvendo;positivo;2
respeitado;positivo;2
responsável;positivo;2
responsivo;positivo;2
repousante;positivo;2
inquieto;negativo;-2
restaurar;positivo;1
restaurado;positivo;1
restaurações;positivo;1
restauração;positivo;1
restringir;negativo;-2
restrito;negativo;-2
restringindo;negativo;-2
restrição;negativo;-2
restringe;negativo;-2
retida;negativo;-1
retardar;negativo;-2
retardado;negativo;-2
retiro;negativo;-1
vingança;negativo;-2
vingativo;negativo;-2
reverenciado;positivo;2
reviver;positivo;2
revive;positivo;2
recompensa;positivo;2
recompensado;positivo;2
recompensador;positivo;2
recompensas;positivo;2
rico;positivo;2
ridículo;negativo;-3
equipamento;negativo;-1
fraudada;negativo;-1
direção correta;positivo;3
rigoroso;positivo;3
rigorosamente;positivo;3
tumulto;negativo;-2
motins;negativo;-2
risco;negativo;-2
riscos;negativo;-2
roubar;negativo;-2
ladrão;negativo;-2
túnica;negativo;-2
robing;negativo;-2
rouba;negativo;-2
robusto;positivo;2
rofl;positivo;4
roflcopter;positivo;4
roflmao;positivo;4
romance;positivo;2
rotfl;positivo;4
rotflmfao;positivo;4
rotflol;positivo;4
ruína;negativo;-2
arruinado;negativo;-2
arruinando;negativo;-2
ruínas;negativo;-2
sabotar;negativo;-2
triste;negativo;-2
entristecer;negativo;-2
entristecidos;negativo;-2
infelizmente;negativo;-2
seguro;positivo;1
seguramente;positivo;1
segurança;positivo;1
saliente;positivo;1
viçoso;negativo;-1
sarcástico;negativo;-2
satisfeito;positivo;2
salvar;positivo;2
salvou;positivo;2
golpe;negativo;-2
scams;negativo;-2
escândalo;negativo;-3
escandaloso;negativo;-3
escândalos;negativo;-3
bode expiatório;negativo;-2
bodes expiatórios;negativo;-2
susto;negativo;-2
assustada;negativo;-2
assustador;negativo;-2
cético;negativo;-2
ralhar;negativo;-2
concha;positivo;3
desprezo;negativo;-2
desdenhoso;negativo;-2
grito;negativo;-2
gritou;negativo;-2
gritando;negativo;-2
gritos;negativo;-2
parafusado;negativo;-2
estragado;negativo;-3
desprezível;negativo;-4
seguro;positivo;2
garantido;positivo;2
protege;positivo;2
sedição;negativo;-2
sedicioso;negativo;-2
seduzido;negativo;-1
autoconfiante;positivo;2
auto-iludidos;negativo;-2
egoísta;negativo;-3
egoísmo;negativo;-3
frase;negativo;-2
condenado;negativo;-2
frases;negativo;-2
sentença;negativo;-2
sereno;positivo;2
grave;negativo;-2
sensual;positivo;3
trêmulo;negativo;-2
vergonha;negativo;-2
envergonhado;negativo;-2
vergonhoso;negativo;-2
compartilhar;positivo;1
compartilhado;positivo;1
ações;positivo;1
destruído;negativo;-2
merda;negativo;-4
shithead;negativo;-4
cagado;negativo;-3
choque;negativo;-2
chocado;negativo;-2
chocante;negativo;-2
choques;negativo;-2
atirar;negativo;-1
míope;negativo;-2
miopia;negativo;-2
escassez;negativo;-2
escassez;negativo;-2
megera;negativo;-4
tímido;negativo;-1
doente;negativo;-2
suspiro;negativo;-2
significado;positivo;1
significativo;positivo;1
silenciamento;negativo;-1
boba;negativo;-1
sincero;positivo;2
atenciosamente;positivo;2
sincerest;positivo;2
sinceridade;positivo;2
pecaminoso;negativo;-3
singleminded;negativo;-2
cético;negativo;-2
cético;negativo;-2
ceticismo;negativo;-2
cépticos;negativo;-2
batida;negativo;-2
reduzir;negativo;-2
cortados;negativo;-2
barras;negativo;-2
cortante;negativo;-2
escravidão;negativo;-3
insônia;negativo;-2
liso;positivo;2
vigarista;positivo;2
slickest;positivo;2
lerdo;negativo;-2
cadela;negativo;-5
inteligente;positivo;1
mais esperto;positivo;2
mais inteligente;positivo;2
borrão;negativo;-2
sorrir;positivo;2
smiled;positivo;2
sorrisos;positivo;2
sorridente;positivo;2
poluição;negativo;-2
sorrateiro;negativo;-1
arrebitado;negativo;-2
esnobado;negativo;-2
snubbing;negativo;-2
snubs;negativo;-2
sóbrio;positivo;1
solene;negativo;-1
sólido;positivo;2
solidariedade;positivo;2
solução;positivo;1
soluções;positivo;1
resolver;positivo;1
resolvido;positivo;1
resolve;positivo;1
solving;positivo;1
sombrio;negativo;-2
algum tipo;positivo;0
filho da puta;negativo;-5
acalmar;positivo;3
acalmada;positivo;3
calmante;positivo;3
sofisticado;positivo;2
dolorido;negativo;-1
tristeza;negativo;-2
triste;negativo;-2
desculpa;negativo;-1
spam;negativo;-2
spammer;negativo;-3
spammers;negativo;-3
spam;negativo;-2
faísca;positivo;1
faísca;positivo;3
brilhos;positivo;3
espumante;positivo;3
especulativo;negativo;-2
espírito;positivo;1
animado;positivo;2
sem vida;negativo;-2
rancoroso;negativo;-2
esplêndido;positivo;3
alegre;positivo;2
squelched;negativo;-1
facada;negativo;-2
esfaqueado;negativo;-2
estável;positivo;2
punhaladas;negativo;-2
tenda;negativo;-2
estagnou;negativo;-2
stalling;negativo;-2
energia;positivo;2
debandada;negativo;-2
assustado;negativo;-2
morrer de fome;negativo;-2
faminto;negativo;-2
morre de fome;negativo;-2
morrendo de fome;negativo;-2
firme;positivo;2
roubar;negativo;-2
roubos de bola;negativo;-2
estereótipo;negativo;-2
estereotipado;negativo;-2
abafou;negativo;-1
estimular;positivo;1
estimulado;positivo;1
estimula;positivo;1
estimulando;positivo;2
mesquinho;negativo;-2
roubado;negativo;-2
pare;negativo;-1
parado;negativo;-1
parando;negativo;-1
paradas;negativo;-1
robusto;positivo;2
direto;positivo;1
estranho;negativo;-1
estranhamente;negativo;-1
estrangulada;negativo;-2
força;positivo;2
fortalecer;positivo;2
fortalecido;positivo;2
fortalecimento;positivo;2
fortalece;positivo;2
estressado;negativo;-2
estressor;negativo;-2
estressores;negativo;-2
ferido;negativo;-2
greve;negativo;-1
grevistas;negativo;-2
greves;negativo;-1
forte;positivo;2
mais forte;positivo;2
mais forte;positivo;2
golpeado;negativo;-1
luta;negativo;-2
lutava;negativo;-2
lutas;negativo;-2
lutando;negativo;-2
teimoso;negativo;-2
preso;negativo;-2
atordoado;negativo;-2
impressionante;positivo;4
estúpido;negativo;-2
estupidamente;negativo;-2
suave;positivo;2
substancial;positivo;1
substancialmente;positivo;1
subversivo;negativo;-2
sucesso;positivo;2
bem sucedido;positivo;3
sugar;negativo;-3
é uma merda;negativo;-3
sofrer;negativo;-2
sofrimento;negativo;-2
sofre;negativo;-2
suicida;negativo;-2
suicídio;negativo;-2
processando;negativo;-2
amuado;negativo;-2
mal-humorado;negativo;-2
taciturno;negativo;-2
luz do sol;positivo;2
super;positivo;3
soberbo;positivo;5
superior;positivo;2
apoio;positivo;2
suportado;positivo;2
suporte;positivo;1
apoiantes;positivo;1
que apoia;positivo;1
apoio;positivo;2
suportes;positivo;2
sobrevivido;positivo;2
sobrevivendo;positivo;2
sobrevivente;positivo;2
suspeito;negativo;-1
suspeita;negativo;-1
suspeitando;negativo;-1
suspeitos;negativo;-1
suspender;negativo;-1
suspenso;negativo;-1
suspeito;negativo;-2
jurar;negativo;-2
juramento;negativo;-2
jura;negativo;-2
doce;positivo;2
rápido;positivo;2
rapidamente;positivo;2
embuste;negativo;-3
swindles;negativo;-3
burla;negativo;-3
compreensivo;positivo;2
simpatia;positivo;2
tard;negativo;-2
lágrimas;negativo;-2
tenro;positivo;2
tenso;negativo;-2
tensão;negativo;-1
terrivel;negativo;-3
terrivelmente;negativo;-3
formidável;positivo;4
aterrorizado;negativo;-3
terror;negativo;-3
aterrorizar;negativo;-3
aterrorizou;negativo;-3
aterroriza;negativo;-3
obrigado;positivo;2
grato;positivo;2
obrigado;positivo;2
espinhoso;negativo;-2
pensativo;positivo;2
irrefletido;negativo;-2
ameaça;negativo;-2
ameaçar;negativo;-2
ameaçados;negativo;-2
ameaçador;negativo;-2
ameaça;negativo;-2
ameaças;negativo;-2
excitados;positivo;5
frustrar;negativo;-2
frustrados;negativo;-2
frustração;negativo;-2
traversins;negativo;-2
tímido;negativo;-2
timorato;negativo;-2
cansado;negativo;-2
tits;negativo;-2
tolerante;positivo;2
desdentado;negativo;-2
topo;positivo;2
topos;positivo;2
rasgado;negativo;-2
tortura;negativo;-4
torturados;negativo;-4
torturas;negativo;-4
torturando;negativo;-4
totalitário;negativo;-2
totalitarismo;negativo;-2
angariar;negativo;-2
apregoados;negativo;-2
touting;negativo;-2
touts;negativo;-2
tragédia;negativo;-2
trágico;negativo;-2
tranquilo;positivo;2
armadilha;negativo;-1
preso;negativo;-2
trauma;negativo;-3
traumático;negativo;-3
caricatura;negativo;-2
traição;negativo;-3
traiçoeiro;negativo;-3
tesouro;positivo;2
tesouros;positivo;2
trêmulo;negativo;-2
trêmulo;negativo;-2
enganado;negativo;-2
trapaça;negativo;-2
triunfo;positivo;4
triunfante;positivo;4
problema;negativo;-2
perturbado;negativo;-2
problemas;negativo;-2
verdade;positivo;2
confiar em;positivo;1
confiança;positivo;2
tumor;negativo;-2
twat;negativo;-5
feio;negativo;-3
inaceitável;negativo;-2
pouco apreciado;negativo;-2
desaprovado;negativo;-2
inconsciente;negativo;-2
inacreditável;negativo;-1
descrente;negativo;-1
imparcial;positivo;2
incerto;negativo;-1
obscuro;negativo;-1
desconfortável;negativo;-2
despreocupado;negativo;-2
não confirmado;negativo;-1
não convencido;negativo;-1
creditado;negativo;-1
indeciso;negativo;-1
subestimar;negativo;-1
subestimado;negativo;-1
subestima;negativo;-1
subestimando;negativo;-1
minar;negativo;-2
minado;negativo;-2
minar;negativo;-2
minar;negativo;-2
indigno;negativo;-2
indesejável;negativo;-2
inquieto;negativo;-2
desemprego;negativo;-2
desigual;negativo;-1
inigualável;positivo;2
antiético;negativo;-2
injusto;negativo;-2
desfocado;negativo;-2
não realizado;negativo;-2
infeliz;negativo;-2
pouco saudável;negativo;-2
unificado;positivo;1
impressionado;negativo;-2
pouco inteligente;negativo;-2
unido;positivo;1
injusto;negativo;-2
antipático;negativo;-2
mal amada;negativo;-2
incomparável;positivo;1
desmotivado;negativo;-2
não profissional;negativo;-2
unresearched;negativo;-2
insatisfeito;negativo;-2
inseguro;negativo;-2
perturbado;negativo;-1
simples;negativo;-2
instável;negativo;-2
imparável;positivo;2
sem suporte;negativo;-2
inseguro;negativo;-1
untarnished;positivo;2
não desejado;negativo;-2
indigno;negativo;-2
chateado;negativo;-2
viradas;negativo;-2
perturbador;negativo;-2
nervoso;negativo;-2
urgente;negativo;-1
útil;positivo;2
utilidade;positivo;2
sem utilidade;negativo;-2
inutilidade;negativo;-2
vago;negativo;-2
validar;positivo;1
validado;positivo;1
valida;positivo;1
validando;positivo;1
veredito;negativo;-1
veredictos;negativo;-1
investido;positivo;1
vexação;negativo;-2
vexatório;negativo;-2
vibrante;positivo;3
vicioso;negativo;-2
vítima;negativo;-3
vitimar;negativo;-3
vitimados;negativo;-3
vitimiza;negativo;-3
victimizing;negativo;-3
vítimas;negativo;-3
vigilância;positivo;3
vil;negativo;-3
vindicar;positivo;2
vindicado;positivo;2
vindicar;positivo;2
vindicação;positivo;2
violar;negativo;-2
violados;negativo;-2
viole;negativo;-2
violando;negativo;-2
violência;negativo;-3
violento;negativo;-3
virtuoso;positivo;2
virulento;negativo;-2
visão;positivo;1
visionário;positivo;3
visioning;positivo;1
visões;positivo;1
vitalidade;positivo;3
vitamina;positivo;1
vitriólico;negativo;-3
vivaz;positivo;3
vociferador;negativo;-1
vulnerabilidade;negativo;-2
vulnerável;negativo;-2
ir embora;negativo;-2
greves;negativo;-2
punheteiro;negativo;-3
quer;positivo;1
guerra;negativo;-2
guerra;negativo;-2
caloroso;positivo;1
calor;positivo;2
advertir;negativo;-2
avisou;negativo;-2
atenção;negativo;-3
avisos;negativo;-3
adverte;negativo;-2
desperdício;negativo;-1
desperdiçado;negativo;-2
desperdiçando;negativo;-2
vacilante;negativo;-1
fraco;negativo;-2
fraqueza;negativo;-2
riqueza;positivo;3
rico;positivo;2
cansado;negativo;-2
chorar;negativo;-2
choro;negativo;-2
esquisito;negativo;-2
bem vinda;positivo;2
boas-vindas;positivo;2
congratula-se;positivo;2
caprichoso;positivo;1
cal;negativo;-3
prostituta;negativo;-4
malvado;negativo;-2
viúva;negativo;-1
boa vontade;positivo;2
ganhar;positivo;4
vencedora;positivo;4
ganhando;positivo;4
vitórias;positivo;4
winwin;positivo;3
desejo;positivo;1
desejos;positivo;1
desejando;positivo;1
retirada;negativo;-3
desolado;negativo;-2
lastimável;negativo;-3
ganhou;positivo;3
maravilhoso;positivo;4
cortejar;positivo;3
woohoo;positivo;3
wooo;positivo;4
woow;positivo;4
usado;negativo;-1
preocupado;negativo;-3
preocupação;negativo;-3
preocupante;negativo;-3
pior;negativo;-3
piorar;negativo;-3
piorou;negativo;-3
piora;negativo;-3
piora;negativo;-3
adorado;positivo;3
pior;negativo;-3
que vale a pena;positivo;2
inútil;negativo;-2
digno;positivo;2
uau;positivo;4
wowow;positivo;4
wowww;positivo;4
colérico;negativo;-3
destruir;negativo;-2
errado;negativo;-2
injustiçado;negativo;-2
wtf;negativo;-4
sim;positivo;1
ânsia;positivo;1
yeees;positivo;2
sim;positivo;1
jovem;positivo;2
nojento;negativo;-2
gostoso;positivo;3
fanático;negativo;-2
zelotes;negativo;-2
zeloso;positivo;2